asset,entry_ts,entry_price,direction,take_profit,stop_loss,position_usd,leverage,confidence,rr_ratio,max_hold_bar,exit_ts,exit_price,outcome,pnl_usd
TRX,2025-10-04 16:00:00+00:00,0.3399,-1.0,0.3356142857142857,0.34195714285714285,1250.0,1.0,0.85,2.08,2025-10-09 16:00:00+00:00,2025-10-05 04:00:00+00:00,0.34195714285714285,sl,-9.190250283696928
ADA,2025-10-04 16:00:00+00:00,0.838,1.0,0.8788928571428571,0.8183714285714285,1250.0,1.0,0.85,2.08,2025-10-09 16:00:00+00:00,2025-10-05 08:00:00+00:00,0.8788928571428571,tp,59.74769860211393
TRX,2025-10-05 04:00:00+00:00,0.3432,1.0,0.34777142857142856,0.3410057142857143,1247.7024374290759,1.0,0.85,2.08,2025-10-10 04:00:00+00:00,2025-10-05 16:00:00+00:00,0.3410057142857143,sl,-9.599331449922584
ADA,2025-10-08 04:00:00+00:00,0.8174,1.0,0.8620964285714287,0.7959457142857143,1260.2395292171236,1.0,0.85,2.08,2025-10-13 04:00:00+00:00,2025-10-10 12:00:00+00:00,0.7959457142857143,sl,-34.715799678000785
TRX,2025-10-08 04:00:00+00:00,0.3373,1.0,0.3429964285714286,0.33456571428571424,1260.2395292171236,1.0,0.85,2.08,2025-10-13 04:00:00+00:00,2025-10-10 12:00:00+00:00,0.33456571428571424,sl,-11.854305877506642
ADA,2025-10-15 04:00:00+00:00,0.7024,1.0,0.7641857142857144,0.6727428571428572,1248.5970028282468,1.0,0.85,2.08,2025-10-20 04:00:00+00:00,2025-10-15 12:00:00+00:00,0.6727428571428572,sl,-54.34216768095133
TRX,2025-10-15 04:00:00+00:00,0.3182,1.0,0.32698571428571427,0.3139828571428571,1248.5970028282468,1.0,0.85,2.08,2025-10-20 04:00:00+00:00,2025-10-15 12:00:00+00:00,0.3139828571428571,sl,-18.170982300807864
ADA,2025-10-20 04:00:00+00:00,0.6699,1.0,0.7057928571428572,0.6526714285714286,1230.468715332807,1.0,0.85,2.08,2025-10-25 04:00:00+00:00,2025-10-21 00:00:00+00:00,0.6526714285714286,sl,-33.24495662465403
TRX,2025-10-20 04:00:00+00:00,0.3231,1.0,0.32942142857142853,0.3200657142857143,1230.468715332807,1.0,0.85,2.08,2025-10-25 04:00:00+00:00,2025-10-23 12:00:00+00:00,0.3200657142857143,sl,-13.155145216066442
TRX,2025-10-24 04:00:00+00:00,0.3132,1.0,0.3217357142857143,0.3091028571428571,1218.8686898726269,1.0,0.85,2.08,2025-10-29 04:00:00+00:00,2025-10-24 12:00:00+00:00,0.3091028571428571,sl,-17.52922644404611
TRX,2025-10-24 16:00:00+00:00,0.3047,-1.0,0.29571785714285714,0.3090114285714286,1214.4863832616154,1.0,0.85,2.08,2025-10-29 16:00:00+00:00,2025-10-25 04:00:00+00:00,0.29571785714285714,tp,34.586925472697075
ADA,2025-10-24 04:00:00+00:00,0.6495,1.0,0.6825714285714286,0.6336257142857142,1218.8686898726269,1.0,0.85,2.08,2025-10-29 04:00:00+00:00,2025-10-26 20:00:00+00:00,0.6825714285714286,tp,60.84383926251134
ADA,2025-10-27 20:00:00+00:00,0.667,-1.0,0.6386964285714285,0.6805857142857143,1238.3440744454174,1.0,0.85,2.08,2025-11-01 20:00:00+00:00,2025-10-28 20:00:00+00:00,0.6386964285714285,tp,51.309721838919174
TRX,2025-10-27 20:00:00+00:00,0.2983,-1.0,0.2923,0.30118,1238.3440744454174,1.0,0.85,2.08,2025-11-01 20:00:00+00:00,2025-10-29 16:00:00+00:00,0.2923,tp,23.669682900655193
ADA,2025-10-28 20:00:00+00:00,0.6459,-1.0,0.6110785714285715,0.6626142857142857,1251.1715049051472,1.0,0.85,2.08,2025-11-02 20:00:00+00:00,2025-10-30 12:00:00+00:00,0.6110785714285715,tp,66.20134310828786
TRX,2025-10-30 12:00:00+00:00,0.2917,-1.0,0.2839857142857143,0.2954028571428572,1273.639261407383,1.0,0.85,2.08,2025-11-04 12:00:00+00:00,2025-10-31 08:00:00+00:00,0.2954028571428572,sl,-17.823383547630982
TRX,2025-11-02 12:00:00+00:00,0.296,1.0,0.2995,0.29431999999999997,1269.1834155204751,1.0,0.85,2.08,2025-11-07 12:00:00+00:00,2025-11-03 00:00:00+00:00,0.29431999999999997,sl,-8.853411879617216
ADA,2025-10-30 12:00:00+00:00,0.6031,-1.0,0.5582607142857143,0.6246228571428571,1273.639261407383,1.0,0.85,2.08,2025-11-04 12:00:00+00:00,2025-11-03 12:00:00+00:00,0.5582607142857143,tp,93.41890714744252
TRX,2025-11-03 04:00:00+00:00,0.294,1.0,0.2981785714285714,0.2919942857142857,1266.970062550571,1.0,0.85,2.08,2025-11-08 04:00:00+00:00,2025-11-03 12:00:00+00:00,0.2919942857142857,sl,-10.290530312710274
TRX,2025-11-03 20:00:00+00:00,0.2813,-1.0,0.27474642857142856,0.2844457142857143,1287.7521567592541,1.0,0.85,2.08,2025-11-08 20:00:00+00:00,2025-11-04 00:00:00+00:00,0.2844457142857143,sl,-16.07471895550049
ADA,2025-11-03 20:00:00+00:00,0.5528,-1.0,0.5093357142857142,0.5736628571428571,1287.7521567592541,1.0,0.85,2.08,2025-11-08 20:00:00+00:00,2025-11-04 16:00:00+00:00,0.5093357142857142,tp,99.96265969304518
ADA,2025-11-04 20:00:00+00:00,0.5208,1.0,0.5826392857142857,0.4911171428571429,1308.7241419436402,1.0,0.85,2.08,2025-11-09 20:00:00+00:00,2025-11-07 16:00:00+00:00,0.5826392857142857,tp,154.0879082214129
TRX,2025-11-04 20:00:00+00:00,0.2855,1.0,0.2971785714285714,0.2798942857142857,1308.7241419436402,1.0,0.85,2.08,2025-11-09 20:00:00+00:00,2025-11-09 20:00:00+00:00,0.2906,time,22.069535486471878
ADA,2025-11-11 00:00:00+00:00,0.5988,1.0,0.637175,0.58038,1352.7635028706115,1.0,0.85,2.08,2025-11-16 00:00:00+00:00,2025-11-11 04:00:00+00:00,0.58038,sl,-43.37165822319849
TRX,2025-11-11 00:00:00+00:00,0.298,1.0,0.3031607142857143,0.29552285714285714,1352.7635028706115,1.0,0.85,2.08,2025-11-16 00:00:00+00:00,2025-11-12 16:00:00+00:00,0.29552285714285714,sl,-13.003520233394445
ADA,2025-11-12 20:00:00+00:00,0.5458,1.0,0.5841035714285714,0.5274142857142856,1338.6697082564633,1.0,0.85,2.08,2025-11-17 20:00:00+00:00,2025-11-13 16:00:00+00:00,0.5274142857142856,sl,-46.834442073543784
TRX,2025-11-12 20:00:00+00:00,0.2946,1.0,0.30138571428571426,0.2913428571428571,1338.6697082564633,1.0,0.85,2.08,2025-11-17 20:00:00+00:00,2025-11-17 16:00:00+00:00,0.2913428571428571,sl,-16.540808564796674
ADA,2025-11-14 08:00:00+00:00,0.5132,-1.0,0.46939642857142855,0.5342257142857143,1326.9610977380773,1.0,0.85,2.08,2025-11-19 08:00:00+00:00,2025-11-17 16:00:00+00:00,0.46939642857142855,tp,111.93421432647362
ADA,2025-11-19 04:00:00+00:00,0.4683,-1.0,0.43396071428571426,0.4847828571428571,1350.8094491784966,1.0,0.85,2.08,2025-11-24 04:00:00+00:00,2025-11-20 16:00:00+00:00,0.43396071428571426,tp,97.70072081111904
TRX,2025-11-19 04:00:00+00:00,0.2879,-1.0,0.2802035714285714,0.2915942857142857,1350.8094491784966,1.0,0.85,2.08,2025-11-24 04:00:00+00:00,2025-11-20 16:00:00+00:00,0.2802035714285714,tp,34.76036956858155
ADA,2025-11-20 16:00:00+00:00,0.4359,-1.0,0.3996857142857143,0.45328285714285715,1383.9247217734217,1.0,0.85,2.08,2025-11-25 16:00:00+00:00,2025-11-21 04:00:00+00:00,0.3996857142857143,tp,113.5916322439665
TRX,2025-11-20 16:00:00+00:00,0.2783,-1.0,0.27140714285714285,0.28160857142857143,1383.9247217734217,1.0,0.85,2.08,2025-11-25 16:00:00+00:00,2025-11-25 12:00:00+00:00,0.27140714285714285,tp,32.89273860432258
TRX,2025-11-25 16:00:00+00:00,0.2736,1.0,0.2777607142857143,0.27160285714285715,1420.5458144854938,1.0,0.85,2.08,2025-11-30 16:00:00+00:00,2025-11-27 08:00:00+00:00,0.2777607142857143,tp,20.182105003648434
ADA,2025-11-22 16:00:00+00:00,0.4014,1.0,0.44502499999999995,0.38045999999999996,1412.3226298344132,1.0,0.85,2.08,2025-11-27 16:00:00+00:00,2025-11-27 16:00:00+00:00,0.436,time,120.32749548743196
ADA,2025-11-28 12:00:00+00:00,0.4326,1.0,0.45626071428571424,0.42124285714285714,1455.673214608264,1.0,0.85,2.08,2025-12-03 12:00:00+00:00,2025-11-28 20:00:00+00:00,0.42124285714285714,sl,-40.108483943721225
TRX,2025-11-28 12:00:00+00:00,0.2804,-1.0,0.27704285714285715,0.2820114285714285,1455.673214608264,1.0,0.85,2.08,2025-12-03 12:00:00+00:00,2025-11-30 12:00:00+00:00,0.2820114285714285,sl,-10.257972214236776
ADA,2025-11-29 04:00:00+00:00,0.4154,-1.0,0.3941857142857143,0.42558285714285715,1445.6460936223339,1.0,0.85,2.08,2025-12-04 04:00:00+00:00,2025-12-01 00:00:00+00:00,0.3941857142857143,tp,72.38283072834489
ADA,2025-12-01 08:00:00+00:00,0.3827,-1.0,0.3609142857142857,0.39315714285714287,1461.177308250861,1.0,0.85,2.08,2025-12-06 08:00:00+00:00,2025-12-02 08:00:00+00:00,0.39315714285714287,sl,-41.8256863721522
TRX,2025-12-01 08:00:00+00:00,0.2775,1.0,0.28150000000000003,0.27558000000000005,1461.177308250861,1.0,0.85,2.08,2025-12-06 08:00:00+00:00,2025-12-02 12:00:00+00:00,0.28150000000000003,tp,19.60083794581562
TRX,2025-12-05 12:00:00+00:00,0.2864,1.0,0.29113214285714284,0.2841285714285714,1455.6210961442766,1.0,0.85,2.08,2025-12-10 12:00:00+00:00,2025-12-08 16:00:00+00:00,0.2841285714285714,sl,-13.436788385030557
ADA,2025-12-05 12:00:00+00:00,0.4262,-1.0,0.3998607142857143,0.4388428571428572,1455.6210961442766,1.0,0.85,2.08,2025-12-10 12:00:00+00:00,2025-12-09 12:00:00+00:00,0.4388428571428572,sl,-45.0720577128366
ADA,2025-12-10 04:00:00+00:00,0.4614,-1.0,0.42891785714285713,0.47699142857142857,1440.9938846198097,1.0,0.85,2.08,2025-12-15 04:00:00+00:00,2025-12-11 04:00:00+00:00,0.42891785714285713,tp,100.00367281778564
TRX,2025-12-10 04:00:00+00:00,0.2804,-1.0,0.27650714285714284,0.2822685714285714,1440.9938846198097,1.0,0.85,2.08,2025-12-15 04:00:00+00:00,2025-12-12 12:00:00+00:00,0.27650714285714284,tp,18.564652822069515
TRX,2025-12-12 20:00:00+00:00,0.2737,-1.0,0.26905714285714283,0.2759285714285714,1470.6359660297735,1.0,0.85,2.08,2025-12-17 20:00:00+00:00,2025-12-14 16:00:00+00:00,0.2759285714285714,sl,-13.886314500535354
ADA,2025-12-12 20:00:00+00:00,0.4091,-1.0,0.3777607142857143,0.42414285714285715,1470.6359660297735,1.0,0.85,2.08,2025-12-17 20:00:00+00:00,2025-12-15 16:00:00+00:00,0.3777607142857143,tp,111.18808004744294
ADA,2025-12-16 00:00:00+00:00,0.3828,-1.0,0.36028214285714283,0.3936085714285714,1494.9614074165004,1.0,0.85,2.08,2025-12-21 00:00:00+00:00,2025-12-18 16:00:00+00:00,0.36028214285714283,tp,86.44476535927475
TRX,2025-12-15 12:00:00+00:00,0.2806,-1.0,0.27585000000000004,0.28288,1467.1643874046397,1.0,0.85,2.08,2025-12-20 12:00:00+00:00,2025-12-20 12:00:00+00:00,0.28,time,1.6700367260763593
TRX,2025-12-21 12:00:00+00:00,0.2867,1.0,0.290325,0.28496,1516.9901079378383,1.0,0.85,2.08,2025-12-26 12:00:00+00:00,2025-12-22 12:00:00+00:00,0.28496,sl,-11.178793759823439
ADA,2025-12-20 00:00:00+00:00,0.3743,-1.0,0.34947857142857147,0.38621428571428573,1516.5725987563192,1.0,0.85,2.08,2025-12-25 00:00:00+00:00,2025-12-25 00:00:00+00:00,0.3605,time,54.397672292606906
TRX,2025-12-24 16:00:00+00:00,0.2813,-1.0,0.27749642857142853,0.28312571428571426,1514.1954094978823,1.0,0.85,2.08,2025-12-29 16:00:00+00:00,2025-12-25 16:00:00+00:00,0.27749642857142853,tp,18.959855059183983
ADA,2025-12-25 04:00:00+00:00,0.359,-1.0,0.34260714285714283,0.36686857142857143,1527.7948275710341,1.0,0.85,2.08,2025-12-30 04:00:00+00:00,2025-12-25 20:00:00+00:00,0.34260714285714283,tp,68.23522008041793
ADA,2025-12-25 20:00:00+00:00,0.3434,-1.0,0.32439999999999997,0.35252,1549.5935963559346,1.0,0.85,2.08,2025-12-30 20:00:00+00:00,2025-12-26 00:00:00+00:00,0.35252,sl,-43.168500792228784
TRX,2025-12-25 20:00:00+00:00,0.2787,-1.0,0.2748607142857143,0.28054285714285715,1549.5935963559346,1.0,0.85,2.08,2025-12-30 20:00:00+00:00,2025-12-27 16:00:00+00:00,0.28054285714285715,sl,-12.260900191840495
ADA,2025-12-27 00:00:00+00:00,0.3547,1.0,0.37573571428571434,0.34460285714285716,1538.8014711578774,1.0,0.85,2.08,2026-01-01 00:00:00+00:00,2025-12-28 04:00:00+00:00,0.37573571428571434,tp,89.72082099772844
TRX,2025-12-29 12:00:00+00:00,0.2822,-1.0,0.2786464285714286,0.2839057142857143,1558.1664513593494,1.0,0.85,2.08,2026-01-03 12:00:00+00:00,2025-12-29 20:00:00+00:00,0.2839057142857143,sl,-11.443712685861465
ADA,2025-12-29 12:00:00+00:00,0.3656,-1.0,0.3465464285714286,0.37474571428571424,1558.1664513593494,1.0,0.85,2.08,2026-01-03 12:00:00+00:00,2025-12-31 12:00:00+00:00,0.3465464285714286,tp,79.6470736432221
ADA,2026-01-01 08:00:00+00:00,0.3407,1.0,0.3548607142857143,0.33390285714285717,1575.2172915986896,1.0,0.85,2.08,2026-01-06 08:00:00+00:00,2026-01-01 16:00:00+00:00,0.3548607142857143,tp,63.896464552386504
TRX,2026-01-01 08:00:00+00:00,0.2847,-1.0,0.28145000000000003,0.28626,1575.2172915986896,1.0,0.85,2.08,2026-01-06 08:00:00+00:00,2026-01-01 20:00:00+00:00,0.28626,sl,-10.679110104276628
ADA,2026-01-03 16:00:00+00:00,0.3886,1.0,0.41543928571428573,0.37571714285714286,1588.5216302107171,1.0,0.85,2.08,2026-01-08 16:00:00+00:00,2026-01-05 16:00:00+00:00,0.41543928571428573,tp,108.12528664706252
TRX,2026-01-03 16:00:00+00:00,0.2936,1.0,0.2975642857142857,0.2916971428571429,1588.5216302107171,1.0,0.85,2.08,2026-01-08 16:00:00+00:00,2026-01-07 16:00:00+00:00,0.2975642857142857,tp,19.86023043204464
ADA,2026-01-06 12:00:00+00:00,0.4202,-1.0,0.3924321428571429,0.43352857142857143,1615.5529518724827,1.0,0.85,2.08,2026-01-11 12:00:00+00:00,2026-01-08 04:00:00+00:00,0.3924321428571429,tp,105.14418901461067
TRX,2026-01-08 00:00:00+00:00,0.2979,-1.0,0.294025,0.29976,1620.518009480494,1.0,0.85,2.08,2026-01-13 00:00:00+00:00,2026-01-09 00:00:00+00:00,0.294025,tp,19.458727666037937
TRX,2026-01-09 16:00:00+00:00,0.2982,1.0,0.3027,0.29604,1651.668738650656,1.0,0.85,2.08,2026-01-14 16:00:00+00:00,2026-01-11 00:00:00+00:00,0.3027,tp,23.272909812415598
ADA,2026-01-09 16:00:00+00:00,0.3902,-1.0,0.364575,0.40249999999999997,1651.668738650656,1.0,0.85,2.08,2026-01-14 16:00:00+00:00,2026-01-13 12:00:00+00:00,0.40249999999999997,sl,-54.21156066061241
TRX,2026-01-12 12:00:00+00:00,0.2987,1.0,0.3039678571428572,0.2961714285714286,1657.4869661037599,1.0,0.85,2.08,2026-01-17 12:00:00+00:00,2026-01-13 16:00:00+00:00,0.3039678571428572,tp,27.57386406698071
TRX,2026-01-14 04:00:00+00:00,0.3032,-1.0,0.2976464285714286,0.3058657142857143,1650.827541955352,1.0,0.85,2.08,2026-01-19 04:00:00+00:00,2026-01-15 04:00:00+00:00,0.3058657142857143,sl,-16.660042037526644
ADA,2026-01-14 04:00:00+00:00,0.4238,-1.0,0.3974964285714286,0.4364257142857143,1650.827541955352,1.0,0.85,2.08,2026-01-19 04:00:00+00:00,2026-01-15 12:00:00+00:00,0.3974964285714286,tp,100.80943712551891
POL,2026-01-17 10:00:00+00:00,0.1485,1.0,0.15257142857142858,0.14654571428571428,1671.86489072735,1.0,0.85,2.08,2026-01-22 10:00:00+00:00,2026-01-17 12:00:00+00:00,0.14654571428571428,sl,-24.175455820331457
TRX,2026-01-15 12:00:00+00:00,0.3082,1.0,0.31598571428571426,0.3044628571428571,1671.86489072735,1.0,0.85,2.08,2026-01-20 12:00:00+00:00,2026-01-17 16:00:00+00:00,0.31598571428571426,tp,40.56260092212172
ATOM,2026-01-17 10:00:00+00:00,2.566,1.0,2.62475,2.5378,1671.86489072735,1.0,0.85,2.08,2026-01-22 10:00:00+00:00,2026-01-18 03:00:00+00:00,2.5378,sl,-20.54699798168339
POL,2026-01-17 13:00:00+00:00,0.1462,-1.0,0.14198571428571427,0.14822285714285713,1665.8210267722673,1.0,0.85,2.08,2026-01-22 13:00:00+00:00,2026-01-18 09:00:00+00:00,0.14198571428571427,tp,46.352275797325866
FIL,2026-01-18 07:00:00+00:00,1.529,1.0,1.5688214285714286,1.5098857142857143,1670.8249275073767,1.0,0.85,2.08,2026-01-23 07:00:00+00:00,2026-01-18 14:00:00+00:00,1.5098857142857143,sl,-23.059335350773715
ATOM,2026-01-18 07:00:00+00:00,2.512,-1.0,2.4621785714285713,2.5359142857142856,1670.8249275073767,1.0,0.85,2.08,2026-01-23 07:00:00+00:00,2026-01-18 23:00:00+00:00,2.4621785714285713,tp,31.467266147799663
ADA,2026-01-15 12:00:00+00:00,0.3997,-1.0,0.3724857142857143,0.41276285714285715,1671.86489072735,1.0,0.85,2.08,2026-01-20 12:00:00+00:00,2026-01-19 00:00:00+00:00,0.3724857142857143,tp,112.16003106107932
TRX,2026-01-18 20:00:00+00:00,0.3178,-1.0,0.3102642857142857,0.3214171428571429,1676.6481626190148,1.0,0.85,2.08,2026-01-23 20:00:00+00:00,2026-01-19 12:00:00+00:00,0.3102642857142857,tp,38.080247718956706
ATOM,2026-01-20 01:00:00+00:00,2.437,-1.0,2.3698571428571427,2.4692285714285713,1722.0750488509736,1.0,0.85,2.08,2026-01-25 01:00:00+00:00,2026-01-20 02:00:00+00:00,2.4692285714285713,sl,-25.012607582896646
POL,2026-01-20 01:00:00+00:00,0.1365,1.0,0.14001785714285714,0.13481142857142858,1722.0750488509736,1.0,0.85,2.08,2026-01-25 01:00:00+00:00,2026-01-20 06:00:00+00:00,0.13481142857142858,sl,-23.541603976293814
FIL,2026-01-20 01:00:00+00:00,1.38,1.0,1.4191071428571427,1.3612285714285715,1722.0750488509736,1.0,0.85,2.08,2026-01-25 01:00:00+00:00,2026-01-20 06:00:00+00:00,1.3612285714285715,sl,-25.663196675205686
ATOM,2026-01-21 07:00:00+00:00,2.394,1.0,2.4915000000000003,2.3472,1703.5206967923746,1.0,0.85,2.08,2026-01-26 07:00:00+00:00,2026-01-21 13:00:00+00:00,2.3472,sl,-35.51648526417738
POL,2026-01-21 07:00:00+00:00,0.1321,-1.0,0.12835,0.1339,1703.5206967923746,1.0,0.85,2.08,2026-01-26 07:00:00+00:00,2026-01-21 14:00:00+00:00,0.1339,sl,-25.426819557050887
TRX,2026-01-20 16:00:00+00:00,0.2978,-1.0,0.2876392857142857,0.30267714285714287,1703.5206967923746,1.0,0.85,2.08,2026-01-25 16:00:00+00:00,2026-01-22 16:00:00+00:00,0.30267714285714287,sl,-30.11354869345921
FIL,2026-01-23 05:00:00+00:00,1.357,-1.0,1.3196785714285713,1.3749142857142858,1680.7564834137027,1.0,0.85,2.08,2026-01-28 05:00:00+00:00,2026-01-23 11:00:00+00:00,1.3196785714285713,tp,44.544912670374245
POL,2026-01-22 07:00:00+00:00,0.1344,-1.0,0.12913214285714286,0.13692857142857143,1688.2848705870674,1.0,0.85,2.08,2026-01-27 07:00:00+00:00,2026-01-23 14:00:00+00:00,0.12913214285714286,tp,64.4846579471191
POL,2026-01-23 15:00:00+00:00,0.1299,1.0,0.13377499999999998,0.12804,1708.0138760680761,1.0,0.85,2.08,2026-01-28 15:00:00+00:00,2026-01-23 20:00:00+00:00,0.12804,sl,-26.676967765498375
ADA,2026-01-19 00:00:00+00:00,0.3656,-1.0,0.3434392857142857,0.3762371428571428,1712.5549869212346,1.0,0.85,2.08,2026-01-24 00:00:00+00:00,2026-01-24 00:00:00+00:00,0.3618,time,16.08752419880262
ATOM,2026-01-22 07:00:00+00:00,2.378,-1.0,2.292821428571429,2.4188857142857145,1688.2848705870674,1.0,0.85,2.08,2026-01-27 07:00:00+00:00,2026-01-25 04:00:00+00:00,2.292821428571429,tp,58.78509336367552
ATOM,2026-01-25 05:00:00+00:00,2.307,1.0,2.3450357142857143,2.288742857142857,1720.062788517321,1.0,0.85,2.08,2026-01-30 05:00:00+00:00,2026-01-25 08:00:00+00:00,2.288742857142857,sl,-15.848319186067773
FIL,2026-01-23 11:00:00+00:00,1.317,-1.0,1.2771785714285713,1.3361142857142856,1691.8927115812962,1.0,0.85,2.08,2026-01-28 11:00:00+00:00,2026-01-25 12:00:00+00:00,1.2771785714285713,tp,49.464967398331666
POL,2026-01-23 21:00:00+00:00,0.1275,-1.0,0.12310714285714287,0.12960857142857143,1701.3446341267015,1.0,0.85,2.08,2026-01-28 21:00:00+00:00,2026-01-25 12:00:00+00:00,0.12310714285714287,tp,56.91641166771745
DOT,2026-01-24 00:00:00+00:00,1.926,-1.0,1.8624285714285713,1.9565142857142857,1705.3665151764021,1.0,0.85,2.08,2026-01-29 00:00:00+00:00,2026-01-25 16:00:00+00:00,1.8624285714285713,tp,54.5836187432051
APT,2026-01-25 15:00:00+00:00,1.535,-1.0,1.4878571428571428,1.5576285714285714,1742.6960534873162,1.0,0.85,2.08,2026-01-30 15:00:00+00:00,2026-01-25 16:00:00+00:00,1.4878571428571428,tp,51.778913779068716
POL,2026-01-25 15:00:00+00:00,0.1214,-1.0,0.11895357142857142,0.1225742857142857,1742.6960534873162,1.0,0.85,2.08,2026-01-30 15:00:00+00:00,2026-01-25 18:00:00+00:00,0.11895357142857142,tp,33.37576701543513
ATOM,2026-01-25 15:00:00+00:00,2.265,-1.0,2.2237500000000003,2.2848,1742.6960534873162,1.0,0.85,2.08,2026-01-30 15:00:00+00:00,2026-01-25 18:00:00+00:00,2.2237500000000003,tp,29.995145980221924
DOT,2026-01-25 16:00:00+00:00,1.848,-1.0,1.8030000000000002,1.8696000000000002,1769.2866866178847,1.0,0.85,2.08,2026-01-30 16:00:00+00:00,2026-01-25 19:00:00+00:00,1.8030000000000002,tp,41.313993019986384
APT,2026-01-25 16:00:00+00:00,1.503,-1.0,1.4497857142857142,1.528542857142857,1769.2866866178847,1.0,0.85,2.08,2026-01-30 16:00:00+00:00,2026-01-25 19:00:00+00:00,1.4497857142857142,tp,60.872980280891035
POL,2026-01-25 18:00:00+00:00,0.1184,-1.0,0.11536428571428572,0.11985714285714286,1785.1294148667992,1.0,0.85,2.08,2026-01-30 18:00:00+00:00,2026-01-26 01:00:00+00:00,0.11985714285714286,sl,-24.290166347002124
ATOM,2026-01-25 18:00:00+00:00,2.23,-1.0,2.183392857142857,2.2523714285714287,1785.1294148667992,1.0,0.85,2.08,2026-01-30 18:00:00+00:00,2026-01-26 01:00:00+00:00,2.2523714285714287,sl,-20.2291414211425
POL,2026-01-26 18:00:00+00:00,0.1206,1.0,0.12368928571428571,0.11911714285714285,1799.5463312499826,1.0,0.85,2.08,2026-01-31 18:00:00+00:00,2026-01-27 02:00:00+00:00,0.11911714285714285,sl,-24.466028233911963
ATOM,2026-01-26 18:00:00+00:00,2.247,1.0,2.3082499999999997,2.2176,1799.5463312499826,1.0,0.85,2.08,2026-01-31 18:00:00+00:00,2026-01-27 08:00:00+00:00,2.2176,sl,-25.88487624697979
DOT,2026-01-26 18:00:00+00:00,1.881,1.0,1.930642857142857,1.8571714285714287,1799.5463312499826,1.0,0.85,2.08,2026-01-31 18:00:00+00:00,2026-01-27 09:00:00+00:00,1.8571714285714287,sl,-25.13612383679917
APT,2026-01-26 18:00:00+00:00,1.555,1.0,1.59875,1.534,1799.5463312499826,1.0,0.85,2.08,2026-01-31 18:00:00+00:00,2026-01-27 10:00:00+00:00,1.534,sl,-26.641965186412417
POL,2026-01-27 05:00:00+00:00,0.1184,-1.0,0.11541785714285716,0.11983142857142857,1793.4298241915046,1.0,0.85,2.08,2026-02-01 05:00:00+00:00,2026-01-27 13:00:00+00:00,0.11541785714285716,tp,43.37771831769746
DOT,2026-01-27 14:00:00+00:00,1.833,-1.0,1.8010357142857143,1.848342857142857,1784.858512453381,1.0,0.85,2.08,2026-02-01 14:00:00+00:00,2026-01-27 15:00:00+00:00,1.848342857142857,sl,-17.260211961871153
APT,2026-01-27 14:00:00+00:00,1.525,-1.0,1.4866071428571428,1.5434285714285714,1784.858512453381,1.0,0.85,2.08,2026-02-01 14:00:00+00:00,2026-01-27 15:00:00+00:00,1.5434285714285714,sl,-23.88909809021624
ATOM,2026-01-27 14:00:00+00:00,2.202,1.0,2.247892857142857,2.1799714285714287,1784.858512453381,1.0,0.85,2.08,2026-02-01 14:00:00+00:00,2026-01-27 16:00:00+00:00,2.247892857142857,tp,35.414168159769694
POL,2026-01-27 14:00:00+00:00,0.1165,1.0,0.11930357142857143,0.11515428571428572,1784.858512453381,1.0,0.85,2.08,2026-02-01 14:00:00+00:00,2026-01-27 19:00:00+00:00,0.11930357142857143,tp,41.16774517472931
TRX,2026-01-27 16:00:00+00:00,0.2947,1.0,0.29853928571428573,0.29285714285714287,1783.4247269803016,1.0,0.85,2.08,2026-02-01 16:00:00+00:00,2026-01-28 12:00:00+00:00,0.29285714285714287,sl,-13.470800285093746
ATOM,2026-01-28 02:00:00+00:00,2.238,1.0,2.2983571428571428,2.2090285714285716,1793.7166632739838,1.0,0.85,2.08,2026-02-02 02:00:00+00:00,2026-01-28 14:00:00+00:00,2.2983571428571428,tp,46.581445486174324
POL,2026-01-28 02:00:00+00:00,0.1192,1.0,0.12364642857142857,0.11706571428571429,1793.7166632739838,1.0,0.85,2.08,2026-02-02 02:00:00+00:00,2026-01-28 15:00:00+00:00,0.11706571428571429,sl,-34.448474698345954
ATOM,2026-01-28 19:00:00+00:00,2.247,1.0,2.305392857142857,2.2189714285714284,1793.3822058996675,1.0,0.85,2.08,2026-02-02 19:00:00+00:00,2026-01-29 01:00:00+00:00,2.2189714285714284,sl,-24.70164219779328
FIL,2026-01-28 19:00:00+00:00,1.276,1.0,1.3079642857142857,1.260657142857143,1793.3822058996675,1.0,0.85,2.08,2026-02-02 19:00:00+00:00,2026-01-29 02:00:00+00:00,1.260657142857143,sl,-23.895352187152753
ADA,2026-01-27 16:00:00+00:00,0.3556,1.0,0.3743321428571429,0.3466085714285715,1783.4247269803016,1.0,0.85,2.08,2026-02-01 16:00:00+00:00,2026-01-29 08:00:00+00:00,0.3466085714285715,sl,-47.412760483552525
POL,2026-01-28 19:00:00+00:00,0.1176,1.0,0.12138571428571429,0.11578285714285713,1793.3822058996675,1.0,0.85,2.08,2026-02-02 19:00:00+00:00,2026-01-29 12:00:00+00:00,0.11578285714285713,sl,-30.042550486527514
ATOM,2026-01-29 04:00:00+00:00,2.188,1.0,2.2531785714285713,2.156714285714286,1781.232957303431,1.0,0.85,2.08,2026-02-03 04:00:00+00:00,2026-01-29 14:00:00+00:00,2.156714285714286,sl,-27.785047715834857
FIL,2026-01-29 04:00:00+00:00,1.242,-1.0,1.1996785714285716,1.2623142857142857,1781.232957303431,1.0,0.85,2.08,2026-02-03 04:00:00+00:00,2026-01-29 15:00:00+00:00,1.1996785714285716,tp,58.914679580209715
POL,2026-01-29 16:00:00+00:00,0.1124,1.0,0.11579285714285714,0.11077142857142858,1769.6515375270048,1.0,0.85,2.08,2026-02-03 16:00:00+00:00,2026-01-29 18:00:00+00:00,0.11077142857142858,sl,-27.9411513808489
ATOM,2026-01-29 16:00:00+00:00,2.135,1.0,2.191785714285714,2.1077428571428567,1769.6515375270048,1.0,0.85,2.08,2026-02-03 16:00:00+00:00,2026-01-29 18:00:00+00:00,2.1077428571428567,sl,-24.893354851589088
TRX,2026-01-29 12:00:00+00:00,0.2921,-1.0,0.28799285714285716,0.2940714285714286,1761.869129560911,1.0,0.85,2.08,2026-02-03 12:00:00+00:00,2026-01-29 20:00:00+00:00,0.2940714285714286,sl,-14.181560101686157
POL,2026-01-30 10:00:00+00:00,0.1107,-1.0,0.1067357142857143,0.11260285714285714,1752.8975209434739,1.0,0.85,2.08,2026-02-04 10:00:00+00:00,2026-01-30 18:00:00+00:00,0.11260285714285714,sl,-32.40987398972747
ATOM,2026-01-30 10:00:00+00:00,2.081,-1.0,2.0174285714285713,2.1115142857142857,1752.8975209434739,1.0,0.85,2.08,2026-02-04 10:00:00+00:00,2026-01-30 18:00:00+00:00,2.1115142857142857,sl,-27.981993967006566
ADA,2026-01-29 12:00:00+00:00,0.3333,-1.0,0.31440714285714283,0.3423685714285714,1761.869129560911,1.0,0.85,2.08,2026-02-03 12:00:00+00:00,2026-01-31 04:00:00+00:00,0.31440714285714283,tp,98.1083431992851
ATOM,2026-01-31 03:00:00+00:00,2.084,-1.0,2.0209642857142858,2.114257142857143,1737.7995539542903,1.0,0.85,2.08,2026-02-05 03:00:00+00:00,2026-01-31 08:00:00+00:00,2.0209642857142858,tp,50.82622931788084
FIL,2026-01-30 10:00:00+00:00,1.167,1.0,1.2102142857142857,1.1462571428571429,1752.8975209434739,1.0,0.85,2.08,2026-02-04 10:00:00+00:00,2026-01-31 10:00:00+00:00,1.1462571428571429,sl,-33.43566725965922
POL,2026-01-31 03:00:00+00:00,0.112,-1.0,0.107875,0.11398,1737.7995539542903,1.0,0.85,2.08,2026-02-05 03:00:00+00:00,2026-01-31 11:00:00+00:00,0.107875,tp,62.26597866088011
DOT,2026-01-31 07:00:00+00:00,1.657,-1.0,1.6096785714285713,1.6797142857142857,1762.3266397541115,1.0,0.85,2.08,2026-02-05 07:00:00+00:00,2026-01-31 14:00:00+00:00,1.6096785714285713,tp,48.56707239624481
POL,2026-01-31 11:00:00+00:00,0.108,-1.0,0.10528571428571427,0.10930285714285715,1782.2407749338868,1.0,0.85,2.08,2026-02-05 11:00:00+00:00,2026-01-31 14:00:00+00:00,0.10528571428571427,tp,43.00952473266397
APT,2026-01-31 11:00:00+00:00,1.364,-1.0,1.3211428571428572,1.3845714285714286,1782.2407749338868,1.0,0.85,2.08,2026-02-05 11:00:00+00:00,2026-01-31 14:00:00+00:00,1.3211428571428572,tp,54.21610783002704
AVAX,2026-01-31 08:00:00+00:00,10.6,-1.0,9.882142857142858,10.944571428571427,1775.0331970835816,1.0,0.85,2.08,2026-02-05 08:00:00+00:00,2026-01-31 16:00:00+00:00,9.882142857142858,tp,118.43442523074638
POL,2026-01-31 20:00:00+00:00,0.1003,1.0,0.10640714285714285,0.09736857142857143,1848.2975574813072,1.0,0.85,2.08,2026-02-05 20:00:00+00:00,2026-02-01 02:00:00+00:00,0.10640714285714285,tp,110.69225305115823
TRX,2026-01-31 20:00:00+00:00,0.2866,1.0,0.29347500000000004,0.2833,1848.2975574813072,1.0,0.85,2.08,2026-02-05 20:00:00+00:00,2026-02-02 00:00:00+00:00,0.2833,sl,-23.684649838292902
POL,2026-02-01 21:00:00+00:00,0.103,-1.0,0.09873214285714285,0.10504857142857142,1875.9706207440968,1.0,0.85,2.08,2026-02-06 21:00:00+00:00,2026-02-02 01:00:00+00:00,0.10504857142857142,sl,-39.750022141877636
POL,2026-02-02 06:00:00+00:00,0.1016,1.0,0.10793928571428571,0.09855714285714286,1860.1119527490541,1.0,0.85,2.08,2026-02-07 06:00:00+00:00,2026-02-02 15:00:00+00:00,0.10793928571428571,tp,114.20072593144565
POL,2026-02-03 01:00:00+00:00,0.112,-1.0,0.10564285714285715,0.11505142857142857,1888.6621342319156,1.0,0.85,2.08,2026-02-08 01:00:00+00:00,2026-02-03 08:00:00+00:00,0.11505142857142857,sl,-53.911667901023996
ATOM,2026-01-31 20:00:00+00:00,1.921,1.0,2.031714285714286,1.8678571428571429,1848.2975574813072,1.0,0.85,2.08,2026-02-05 20:00:00+00:00,2026-02-03 20:00:00+00:00,2.031714285714286,tp,104.67587936287391
FIL,2026-02-02 06:00:00+00:00,1.036,1.0,1.106357142857143,1.0022285714285715,1860.1119527490541,1.0,0.85,2.08,2026-02-07 06:00:00+00:00,2026-02-03 20:00:00+00:00,1.106357142857143,tp,124.46436911852938
POL,2026-02-03 17:00:00+00:00,0.1071,-1.0,0.09985,0.11058,1875.1842172566596,1.0,0.85,2.08,2026-02-08 17:00:00+00:00,2026-02-03 20:00:00+00:00,0.11058,sl,-63.3680950011374
TRX,2026-02-04 00:00:00+00:00,0.2869,1.0,0.29129285714285713,0.28479142857142853,1916.627255626726,1.0,0.85,2.08,2026-02-09 00:00:00+00:00,2026-02-04 12:00:00+00:00,0.28479142857142853,sl,-16.577866636343472
POL,2026-02-04 03:00:00+00:00,0.109,1.0,0.11603571428571428,0.10562285714285714,1916.627255626726,1.0,0.85,2.08,2026-02-09 03:00:00+00:00,2026-02-04 13:00:00+00:00,0.10562285714285714,sl,-61.874404846490094
ATOM,2026-02-04 03:00:00+00:00,2.085,1.0,2.208392857142857,2.025771428571429,1916.627255626726,1.0,0.85,2.08,2026-02-09 03:00:00+00:00,2026-02-04 15:00:00+00:00,2.025771428571429,sl,-56.9372242149689
FIL,2026-02-04 12:00:00+00:00,1.088,-1.0,1.0565714285714287,1.1030857142857144,1912.4827889676403,1.0,0.85,2.08,2026-02-09 12:00:00+00:00,2026-02-04 15:00:00+00:00,1.0565714285714287,tp,53.3325557578916
ADA,2026-01-31 20:00:00+00:00,0.2936,1.0,0.3242607142857143,0.27888285714285715,1848.2975574813072,1.0,0.85,2.08,2026-02-05 20:00:00+00:00,2026-02-05 08:00:00+00:00,0.27888285714285715,sl,-95.05148980824285
TRX,2026-02-05 00:00:00+00:00,0.2818,-1.0,0.277425,0.2839,1896.1130206417483,1.0,0.85,2.08,2026-02-10 00:00:00+00:00,2026-02-05 12:00:00+00:00,0.277425,tp,27.541411696560814
DOT,2026-02-05 12:00:00+00:00,1.39,-1.0,1.3267857142857142,1.4203428571428571,1879.235501113828,1.0,0.85,2.08,2026-02-10 12:00:00+00:00,2026-02-05 15:00:00+00:00,1.3267857142857142,tp,83.58445506855404
POL,2026-02-05 12:00:00+00:00,0.1025,-1.0,0.09714285714285713,0.10507142857142857,1879.235501113828,1.0,0.85,2.08,2026-02-10 12:00:00+00:00,2026-02-05 15:00:00+00:00,0.09714285714285713,tp,96.33864783236167
APT,2026-02-05 12:00:00+00:00,1.159,1.0,1.2141785714285716,1.1325142857142858,1879.235501113828,1.0,0.85,2.08,2026-02-10 12:00:00+00:00,2026-02-05 15:00:00+00:00,1.1325142857142858,sl,-45.38769515754964
ATOM,2026-02-05 12:00:00+00:00,1.982,1.0,2.0716428571428573,1.9389714285714286,1879.235501113828,1.0,0.85,2.08,2026-02-10 12:00:00+00:00,2026-02-05 15:00:00+00:00,1.9389714285714286,sl,-43.240593936908894
POL,2026-02-05 21:00:00+00:00,0.0895,1.0,0.09689285714285714,0.08595142857142857,1902.0592045654423,1.0,0.85,2.08,2026-02-10 21:00:00+00:00,2026-02-06 05:00:00+00:00,0.09689285714285714,tp,155.21137070167825
DOT,2026-02-05 21:00:00+00:00,1.257,1.0,1.3598571428571429,1.2076285714285713,1902.0592045654423,1.0,0.85,2.08,2026-02-10 21:00:00+00:00,2026-02-06 16:00:00+00:00,1.3598571428571429,tp,153.73865306809284
APT,2026-02-05 21:00:00+00:00,1.043,1.0,1.1331785714285714,0.9997142857142856,1902.0592045654423,1.0,0.85,2.08,2026-02-10 21:00:00+00:00,2026-02-06 16:00:00+00:00,1.1331785714285714,tp,162.55142290499978
ATOM,2026-02-05 21:00:00+00:00,1.818,1.0,1.9737142857142858,1.7432571428571428,1902.0592045654423,1.0,0.85,2.08,2026-02-10 21:00:00+00:00,2026-02-06 16:00:00+00:00,1.9737142857142858,tp,161.01201693690334
DOT,2026-02-06 16:00:00+00:00,1.375,1.0,1.442857142857143,1.3424285714285713,2060.1875704683607,1.0,0.85,2.08,2026-02-11 16:00:00+00:00,2026-02-07 07:00:00+00:00,1.3424285714285713,sl,-51.48060914724918
APT,2026-02-06 16:00:00+00:00,1.136,1.0,1.1986785714285713,1.1059142857142856,2060.1875704683607,1.0,0.85,2.08,2026-02-11 16:00:00+00:00,2026-02-07 07:00:00+00:00,1.1059142857142856,sl,-57.24005248605512
DOT,2026-02-07 07:00:00+00:00,1.331,-1.0,1.2742142857142857,1.3582571428571428,2033.0074050600347,1.0,0.85,2.08,2026-02-12 07:00:00+00:00,2026-02-07 16:00:00+00:00,1.3582571428571428,sl,-44.276247920605606
APT,2026-02-07 07:00:00+00:00,1.099,-1.0,1.0522142857142858,1.1214571428571427,2033.0074050600347,1.0,0.85,2.08,2026-02-12 07:00:00+00:00,2026-02-07 16:00:00+00:00,1.1214571428571427,sl,-44.18571010434168
APT,2026-02-07 21:00:00+00:00,1.119,-1.0,1.0740000000000003,1.1405999999999998,2010.8919155537978,1.0,0.85,2.08,2026-02-12 21:00:00+00:00,2026-02-08 15:00:00+00:00,1.0740000000000003,tp,78.85607519786917
DOT,2026-02-07 21:00:00+00:00,1.376,-1.0,1.3242142857142858,1.4008571428571426,2010.8919155537978,1.0,0.85,2.08,2026-02-12 21:00:00+00:00,2026-02-09 06:00:00+00:00,1.3242142857142858,tp,73.66895851927273
AVAX,2026-02-09 00:00:00+00:00,9.18,1.0,9.724642857142857,8.918571428571429,2030.6059343532652,1.0,0.85,2.08,2026-02-14 00:00:00+00:00,2026-02-09 08:00:00+00:00,8.918571428571429,sl,-60.46750106458867
POL,2026-02-06 16:00:00+00:00,0.0982,1.0,0.10745,0.09376,2060.1875704683607,1.0,0.85,2.08,2026-02-11 16:00:00+00:00,2026-02-09 09:00:00+00:00,0.09376,sl,-95.82725415606428
ATOM,2026-02-06 16:00:00+00:00,1.975,1.0,2.074464285714286,1.927257142857143,2060.1875704683607,1.0,0.85,2.08,2026-02-11 16:00:00+00:00,2026-02-09 10:00:00+00:00,1.927257142857143,sl,-52.480391114702925
POL,2026-02-09 15:00:00+00:00,0.0922,-1.0,0.08886071428571429,0.09380285714285715,1996.8293873992443,1.0,0.85,2.08,2026-02-14 15:00:00+00:00,2026-02-09 16:00:00+00:00,0.09380285714285715,sl,-37.30989389407379
DOT,2026-02-09 15:00:00+00:00,1.31,-1.0,1.2669642857142858,1.330657142857143,1996.8293873992443,1.0,0.85,2.08,2026-02-14 15:00:00+00:00,2026-02-09 17:00:00+00:00,1.330657142857143,sl,-34.08350409434221
APT,2026-02-09 15:00:00+00:00,1.029,-1.0,0.9879285714285713,1.0487142857142857,1996.8293873992443,1.0,0.85,2.08,2026-02-14 15:00:00+00:00,2026-02-09 17:00:00+00:00,1.0487142857142857,sl,-40.852501202521815
ATOM,2026-02-09 15:00:00+00:00,1.968,1.0,2.025857142857143,1.9402285714285714,1996.8293873992443,1.0,0.85,2.08,2026-02-14 15:00:00+00:00,2026-02-10 05:00:00+00:00,1.9402285714285714,sl,-30.7741326251066
DOT,2026-02-09 21:00:00+00:00,1.325,-1.0,1.2741071428571429,1.3494285714285714,1968.7679126015098,1.0,0.85,2.08,2026-02-14 21:00:00+00:00,2026-02-10 06:00:00+00:00,1.2741071428571429,tp,73.65102387869626
APT,2026-02-09 21:00:00+00:00,1.051,-1.0,1.0017142857142856,1.0746571428571428,1968.7679126015098,1.0,0.85,2.08,2026-02-14 21:00:00+00:00,2026-02-10 06:00:00+00:00,1.0017142857142856,tp,90.35485990410669
ATOM,2026-02-10 06:00:00+00:00,1.905,-1.0,1.8557142857142859,1.9286571428571428,2002.075850390934,1.0,0.85,2.08,2026-02-15 06:00:00+00:00,2026-02-10 15:00:00+00:00,1.9286571428571428,sl,-27.46537283308513
POL,2026-02-09 21:00:00+00:00,0.0942,-1.0,0.09030714285714286,0.09606857142857143,1968.7679126015098,1.0,0.85,2.08,2026-02-14 21:00:00+00:00,2026-02-10 18:00:00+00:00,0.09030714285714286,tp,79.39144685596254
ATOM,2026-02-10 16:00:00+00:00,1.93,-1.0,1.882142857142857,1.9529714285714286,1995.2095071826627,1.0,0.85,2.08,2026-02-15 16:00:00+00:00,2026-02-11 06:00:00+00:00,1.882142857142857,tp,47.47889744368297
POL,2026-02-10 19:00:00+00:00,0.0908,1.0,0.09383571428571429,0.08934285714285715,2015.0573688966533,1.0,0.85,2.08,2026-02-15 19:00:00+00:00,2026-02-11 06:00:00+00:00,0.08934285714285715,sl,-34.95687030446461
APT,2026-02-10 06:00:00+00:00,1.002,-1.0,0.9634285714285714,1.0205142857142857,2002.075850390934,1.0,0.85,2.08,2026-02-15 06:00:00+00:00,2026-02-11 07:00:00+00:00,0.9634285714285714,tp,75.06671223138159
DOT,2026-02-10 06:00:00+00:00,1.278,-1.0,1.2369285714285714,1.2977142857142858,2002.075850390934,1.0,0.85,2.08,2026-02-15 06:00:00+00:00,2026-02-11 08:00:00+00:00,1.2369285714285714,tp,62.339172415582084
ATOM,2026-02-11 09:00:00+00:00,1.881,-1.0,1.8417142857142856,1.899857142857143,2052.539346843199,1.0,0.85,2.08,2026-02-16 09:00:00+00:00,2026-02-11 12:00:00+00:00,1.899857142857143,sl,-23.245136708221516
DOT,2026-02-11 09:00:00+00:00,1.235,-1.0,1.2075,1.2482000000000002,2052.539346843199,1.0,0.85,2.08,2026-02-16 09:00:00+00:00,2026-02-11 13:00:00+00:00,1.2482000000000002,sl,-24.606373522013918
POL,2026-02-11 09:00:00+00:00,0.0886,-1.0,0.08611785714285713,0.08979142857142856,2052.539346843199,1.0,0.85,2.08,2026-02-16 09:00:00+00:00,2026-02-11 13:00:00+00:00,0.08979142857142856,sl,-30.26936234514349
APT,2026-02-11 09:00:00+00:00,0.961,1.0,0.9958214285714285,0.9442857142857143,2052.539346843199,1.0,0.85,2.08,2026-02-16 09:00:00+00:00,2026-02-11 15:00:00+00:00,0.9442857142857143,sl,-38.3672908313858
DOT,2026-02-11 19:00:00+00:00,1.259,-1.0,1.212392857142857,1.2813714285714284,2023.4173059915079,1.0,0.85,2.08,2026-02-16 19:00:00+00:00,2026-02-12 03:00:00+00:00,1.2813714285714284,sl,-38.58495856703541
APT,2026-02-11 19:00:00+00:00,0.927,-1.0,0.8791428571428572,0.9499714285714286,2023.4173059915079,1.0,0.85,2.08,2026-02-16 19:00:00+00:00,2026-02-12 03:00:00+00:00,0.9499714285714286,sl,-52.771527842747176
POL,2026-02-11 19:00:00+00:00,0.0894,-1.0,0.08593571428571428,0.09106285714285713,2023.4173059915079,1.0,0.85,2.08,2026-02-16 19:00:00+00:00,2026-02-12 06:00:00+00:00,0.09106285714285713,sl,-40.26639238871419
ATOM,2026-02-11 19:00:00+00:00,1.931,1.0,2.0090357142857145,1.8935428571428572,2023.4173059915079,1.0,0.85,2.08,2026-02-16 19:00:00+00:00,2026-02-12 08:00:00+00:00,2.0090357142857145,tp,79.74707195921995
APT,2026-02-12 03:00:00+00:00,0.956,1.0,1.010642857142857,0.9297714285714286,2000.5781843890622,1.0,0.85,2.08,2026-02-17 03:00:00+00:00,2026-02-12 15:00:00+00:00,0.9297714285714286,sl,-57.48810290298001
DOT,2026-02-12 03:00:00+00:00,1.282,1.0,1.3352142857142857,1.256457142857143,2000.5781843890622,1.0,0.85,2.08,2026-02-17 03:00:00+00:00,2026-02-12 16:00:00+00:00,1.256457142857143,sl,-42.460722596777714
DOT,2026-02-12 23:00:00+00:00,1.283,1.0,1.3253214285714283,1.2626857142857142,1985.4611479067494,1.0,0.85,2.08,2026-02-17 23:00:00+00:00,2026-02-13 05:00:00+00:00,1.2626857142857142,sl,-34.01775189538978
APT,2026-02-12 23:00:00+00:00,0.924,1.0,0.96275,0.9054000000000001,1985.4611479067494,1.0,0.85,2.08,2026-02-17 23:00:00+00:00,2026-02-13 05:00:00+00:00,0.9054000000000001,sl,-42.5481745475444
ATOM,2026-02-12 23:00:00+00:00,1.968,-1.0,1.90925,1.9962,1985.4611479067494,1.0,0.85,2.08,2026-02-17 23:00:00+00:00,2026-02-13 09:00:00+00:00,1.9962,sl,-31.031304965332808
DOT,2026-02-13 10:00:00+00:00,1.281,1.0,1.3081428571428573,1.2679714285714285,1958.5618400546825,1.0,0.85,2.08,2026-02-18 10:00:00+00:00,2026-02-13 15:00:00+00:00,1.3081428571428573,tp,39.54101991642939
APT,2026-02-13 10:00:00+00:00,0.917,-1.0,0.8896785714285714,0.9301142857142858,1958.5618400546825,1.0,0.85,2.08,2026-02-18 10:00:00+00:00,2026-02-13 15:00:00+00:00,0.9301142857142858,sl,-30.556097196405137
ATOM,2026-02-13 10:00:00+00:00,2.02,1.0,2.0635714285714286,1.9990857142857144,1958.5618400546825,1.0,0.85,2.08,2026-02-18 10:00:00+00:00,2026-02-13 15:00:00+00:00,2.0635714285714286,tp,40.287644752355405
POL,2026-02-12 23:00:00+00:00,0.0962,1.0,0.09977142857142857,0.09448571428571428,1985.4611479067494,1.0,0.85,2.08,2026-02-17 23:00:00+00:00,2026-02-13 19:00:00+00:00,0.09977142857142857,tp,71.72485767845018
ADA,2026-02-13 16:00:00+00:00,0.2725,1.0,0.28935714285714287,0.26440857142857144,1970.8799819227777,1.0,0.85,2.08,2026-02-18 16:00:00+00:00,2026-02-14 16:00:00+00:00,0.28935714285714287,tp,119.94987381461071
ADA,2026-02-15 04:00:00+00:00,0.3008,1.0,0.31660357142857143,0.2932142857142857,2018.7986647960429,1.0,0.85,2.08,2026-02-20 04:00:00+00:00,2026-02-15 08:00:00+00:00,0.2932142857142857,sl,-53.53544182648323
POL,2026-02-15 04:00:00+00:00,0.1112,1.0,0.117325,0.10826,2018.7986647960429,1.0,0.85,2.08,2026-02-20 04:00:00+00:00,2026-02-15 12:00:00+00:00,0.10826,sl,-55.99915116441797
ATOM,2026-02-15 04:00:00+00:00,2.184,1.0,2.2457857142857147,2.1543428571428573,2018.7986647960429,1.0,0.85,2.08,2026-02-20 04:00:00+00:00,2026-02-15 12:00:00+00:00,2.1543428571428573,sl,-30.038266286975443
POL,2026-02-15 15:00:00+00:00,0.106,1.0,0.11044642857142857,0.10386571428571428,1983.905449976574,1.0,0.85,2.08,2026-02-20 15:00:00+00:00,2026-02-18 05:00:00+00:00,0.11044642857142857,tp,81.23584809519983
POL,2026-02-18 06:00:00+00:00,0.1112,1.0,0.11393214285714284,0.10988857142857142,2004.2144120003738,1.0,0.85,2.08,2026-02-23 06:00:00+00:00,2026-02-18 11:00:00+00:00,0.10988857142857142,sl,-26.242025886375767
APT,2026-02-15 15:00:00+00:00,0.928,-1.0,0.8872857142857143,0.9475428571428572,1983.905449976574,1.0,0.85,2.08,2026-02-20 15:00:00+00:00,2026-02-18 13:00:00+00:00,0.8872857142857143,tp,85.05628131777641
TRX,2026-02-13 16:00:00+00:00,0.2809,1.0,0.28547142857142854,0.2787057142857143,1970.8799819227777,1.0,0.85,2.08,2026-02-18 16:00:00+00:00,2026-02-18 16:00:00+00:00,0.2787,time,-17.406750256860732
DOT,2026-02-15 15:00:00+00:00,1.367,-1.0,1.3171785714285715,1.3909142857142858,1983.905449976574,1.0,0.85,2.08,2026-02-20 15:00:00+00:00,2026-02-18 18:00:00+00:00,1.3171785714285715,tp,70.32114478299746
APT,2026-02-19 00:00:00+00:00,0.875,-1.0,0.8430357142857142,0.8903428571428571,2032.1465744897582,1.0,0.85,2.08,2026-02-24 00:00:00+00:00,2026-02-19 13:00:00+00:00,0.8430357142857142,tp,72.20341196299339
POL,2026-02-19 00:00:00+00:00,0.1077,-1.0,0.10400357142857143,0.10947428571428572,2032.1465744897582,1.0,0.85,2.08,2026-02-24 00:00:00+00:00,2026-02-19 14:00:00+00:00,0.10400357142857143,tp,67.71422909194148
DOT,2026-02-19 00:00:00+00:00,1.306,-1.0,1.266892857142857,1.3247714285714287,2032.1465744897582,1.0,0.85,2.08,2026-02-24 00:00:00+00:00,2026-02-19 16:00:00+00:00,1.266892857142857,tp,58.81888435600395
DOT,2026-02-19 19:00:00+00:00,1.281,-1.0,1.2442142857142855,1.2986571428571427,2081.830705842493,1.0,0.85,2.08,2026-02-24 19:00:00+00:00,2026-02-20 07:00:00+00:00,1.2986571428571427,sl,-31.40207248390856
DOT,2026-02-20 08:00:00+00:00,1.301,1.0,1.3258214285714285,1.2890857142857142,2073.980187721516,1.0,0.85,2.08,2026-02-25 08:00:00+00:00,2026-02-20 13:00:00+00:00,1.2890857142857142,sl,-21.68925074079598
DOT,2026-02-20 13:00:00+00:00,1.285,-1.0,1.2553571428571426,1.2992285714285714,2068.557875036317,1.0,0.85,2.08,2026-02-25 13:00:00+00:00,2026-02-20 14:00:00+00:00,1.2992285714285714,sl,-25.5938905909233
ATOM,2026-02-19 00:00:00+00:00,2.316,-1.0,2.1784999999999997,2.382,2032.1465744897582,1.0,0.85,2.08,2026-02-24 00:00:00+00:00,2026-02-20 16:00:00+00:00,2.382,sl,-60.55270329136372
POL,2026-02-19 19:00:00+00:00,0.106,-1.0,0.1024642857142857,0.10769714285714285,2081.830705842493,1.0,0.85,2.08,2026-02-24 19:00:00+00:00,2026-02-21 04:00:00+00:00,0.10769714285714285,sl,-36.038116825154255
APT,2026-02-19 19:00:00+00:00,0.861,1.0,0.8951071428571429,0.8446285714285714,2081.830705842493,1.0,0.85,2.08,2026-02-24 19:00:00+00:00,2026-02-21 08:00:00+00:00,0.8951071428571429,tp,80.38657497192352
TRX,2026-02-21 17:00:00+00:00,0.2874,-1.0,0.2850428571428571,0.28853142857142855,2058.108341102438,1.0,0.85,2.08,2026-02-26 17:00:00+00:00,2026-02-21 19:00:00+00:00,0.28853142857142855,sl,-10.777846272169207
ADA,2026-02-21 17:00:00+00:00,0.281,1.0,0.28967857142857145,0.27683428571428575,2058.108341102438,1.0,0.85,2.08,2026-02-26 17:00:00+00:00,2026-02-22 04:00:00+00:00,0.27683428571428575,sl,-33.186186103497676
POL,2026-02-21 17:00:00+00:00,0.111,-1.0,0.106875,0.11298,2058.108341102438,1.0,0.85,2.08,2026-02-26 17:00:00+00:00,2026-02-22 08:00:00+00:00,0.106875,tp,74.42564757824498
ATOM,2026-02-21 17:00:00+00:00,2.327,-1.0,2.276464285714286,2.351257142857143,2058.108341102438,1.0,0.85,2.08,2026-02-26 17:00:00+00:00,2026-02-22 11:00:00+00:00,2.276464285714286,tp,42.638056289322094
TRX,2026-02-22 12:00:00+00:00,0.2889,1.0,0.29063214285714284,0.2880685714285714,2076.3832589754134,1.0,0.85,2.08,2026-02-27 12:00:00+00:00,2026-02-22 18:00:00+00:00,0.29063214285714284,tp,10.372880952603861
ADA,2026-02-22 12:00:00+00:00,0.2733,-1.0,0.26881785714285716,0.27545142857142857,2076.3832589754134,1.0,0.85,2.08,2026-02-27 12:00:00+00:00,2026-02-22 20:00:00+00:00,0.26881785714285716,tp,31.976475844235665
ADA,2026-02-22 20:00:00+00:00,0.2693,-1.0,0.2652642857142857,0.27123714285714284,2086.9705981746233,1.0,0.85,2.08,2026-02-27 20:00:00+00:00,2026-02-22 22:00:00+00:00,0.27123714285714284,sl,-17.725167931808713
ATOM,2026-02-22 12:00:00+00:00,2.27,-1.0,2.225,2.2916,2076.3832589754134,1.0,0.85,2.08,2026-02-27 12:00:00+00:00,2026-02-23 00:00:00+00:00,2.225,tp,39.08539940793801
POL,2026-02-22 12:00:00+00:00,0.107,-1.0,0.10464285714285713,0.10813142857142857,2076.3832589754134,1.0,0.85,2.08,2026-02-27 12:00:00+00:00,2026-02-23 01:00:00+00:00,0.10464285714285713,tp,43.66503699882754
TRX,2026-02-22 20:00:00+00:00,0.2903,-1.0,0.28856785714285715,0.29113142857142854,2086.9705981746233,1.0,0.85,2.08,2026-02-27 20:00:00+00:00,2026-02-23 01:00:00+00:00,0.28856785714285715,tp,10.365427661196069
ADA,2026-02-23 18:00:00+00:00,0.2634,1.0,0.27241785714285716,0.25907142857142856,2105.8182722086617,1.0,0.85,2.08,2026-02-28 18:00:00+00:00,2026-02-24 03:00:00+00:00,0.25907142857142856,sl,-37.343428624205835
ATOM,2026-02-23 18:00:00+00:00,2.127,-1.0,2.058785714285714,2.1597428571428567,2105.8182722086617,1.0,0.85,2.08,2026-02-28 18:00:00+00:00,2026-02-24 06:00:00+00:00,2.058785714285714,tp,65.42915553258932
TRX,2026-02-23 18:00:00+00:00,0.2823,1.0,0.284925,0.28104,2105.8182722086617,1.0,0.85,2.08,2026-02-28 18:00:00+00:00,2026-02-24 09:00:00+00:00,0.28104,sl,-12.136540101667503
POL,2026-02-23 18:00:00+00:00,0.1066,-1.0,0.10117142857142856,0.1092057142857143,2105.8182722086617,1.0,0.85,2.08,2026-02-28 18:00:00+00:00,2026-02-24 16:00:00+00:00,0.1092057142857143,sl,-54.21186727181031
TRX,2026-02-24 18:00:00+00:00,0.2822,-1.0,0.28028928571428574,0.28311714285714285,2096.252602092388,1.0,0.85,2.08,2026-03-01 18:00:00+00:00,2026-02-24 21:00:00+00:00,0.28311714285714285,sl,-9.537896280580213
ADA,2026-02-24 03:00:00+00:00,0.2587,-1.0,0.2501642857142857,0.26279714285714284,2096.48241505261,1.0,0.85,2.08,2026-03-01 03:00:00+00:00,2026-02-25 01:00:00+00:00,0.26279714285714284,sl,-35.92831833384131
POL,2026-02-24 18:00:00+00:00,0.1115,1.0,0.11578571428571428,0.10944285714285715,2096.252602092388,1.0,0.85,2.08,2026-03-01 18:00:00+00:00,2026-02-25 01:00:00+00:00,0.11578571428571428,tp,78.47719783067068
ATOM,2026-02-24 18:00:00+00:00,2.016,-1.0,1.9585,2.0436,2096.252602092388,1.0,0.85,2.08,2026-03-01 18:00:00+00:00,2026-02-25 01:00:00+00:00,2.0436,sl,-31.423824720889773
POL,2026-02-25 01:00:00+00:00,0.1156,1.0,0.1206,0.1132,2096.6493917162275,1.0,0.85,2.08,2026-03-02 01:00:00+00:00,2026-02-25 05:00:00+00:00,0.1132,sl,-46.25469732444688
ATOM,2026-02-25 01:00:00+00:00,2.085,1.0,2.153928571428571,2.0519142857142856,2096.6493917162275,1.0,0.85,2.08,2026-03-02 01:00:00+00:00,2026-02-25 05:00:00+00:00,2.0519142857142856,sl,-35.99621626277544
TRX,2026-02-25 01:00:00+00:00,0.2852,1.0,0.2871821428571429,0.2842485714285714,2096.6493917162275,1.0,0.85,2.08,2026-03-02 01:00:00+00:00,2026-02-25 08:00:00+00:00,0.2871821428571429,tp,12.475084885013358
ADA,2026-02-25 01:00:00+00:00,0.2673,1.0,0.2750142857142857,0.26359714285714286,2096.6493917162275,1.0,0.85,2.08,2026-03-02 01:00:00+00:00,2026-02-25 12:00:00+00:00,0.2750142857142857,tp,58.41271256257618
TRX,2026-02-25 17:00:00+00:00,0.2851,-1.0,0.2831714285714286,0.2860257142857143,2093.808612681319,1.0,0.85,2.08,2026-03-02 17:00:00+00:00,2026-02-25 19:00:00+00:00,0.2860257142857143,sl,-9.520507998698104
ADA,2026-02-25 17:00:00+00:00,0.2962,1.0,0.305825,0.29158,2093.808612681319,1.0,0.85,2.08,2026-03-02 17:00:00+00:00,2026-02-25 20:00:00+00:00,0.305825,tp,65.94436794727034
ATOM,2026-02-25 17:00:00+00:00,2.087,-1.0,2.0271785714285713,2.115714285714286,2093.808612681319,1.0,0.85,2.08,2026-03-02 17:00:00+00:00,2026-02-25 21:00:00+00:00,2.0271785714285713,tp,57.92278092529578
POL,2026-02-25 17:00:00+00:00,0.116,1.0,0.11996428571428572,0.11409714285714287,2093.808612681319,1.0,0.85,2.08,2026-03-02 17:00:00+00:00,2026-02-26 00:00:00+00:00,0.11409714285714287,sl,-37.06866390697226
TRX,2026-02-25 23:00:00+00:00,0.2853,-1.0,0.2833,0.28626,2122.395272899786,1.0,0.85,2.08,2026-03-02 23:00:00+00:00,2026-02-26 04:00:00+00:00,0.28626,sl,-9.90071729670393
POL,2026-02-26 03:00:00+00:00,0.1137,-1.0,0.10943214285714285,0.11574857142857142,2113.128106923043,1.0,0.85,2.08,2026-03-03 03:00:00+00:00,2026-02-26 11:00:00+00:00,0.10943214285714285,tp,77.2055076442089
ATOM,2026-02-25 23:00:00+00:00,1.942,-1.0,1.8523571428571426,1.9850285714285714,2122.395272899786,1.0,0.85,2.08,2026-03-02 23:00:00+00:00,2026-02-26 16:00:00+00:00,1.8523571428571426,tp,95.84752040641601
ADA,2026-02-25 23:00:00+00:00,0.2971,-1.0,0.28129642857142856,0.3046857142857143,2122.395272899786,1.0,0.85,2.08,2026-03-02 23:00:00+00:00,2026-02-26 20:00:00+00:00,0.2881,time,62.170965400604004
